{"data":{"1530745200000":{"wind-offshore":655.50,"conventional":40147.60,"price":46.54,"wind-onshore":1618.25,"solar":0.00},"1530770400000":{"wind-offshore":852.50,"conventional":44873.15,"price":57.62,"wind-onshore":1081.00,"solar":9660.25},"1530795600000":{"wind-offshore":1220.75,"conventional":40908.53,"price":55.74,"wind-onshore":7757.00,"solar":14653.00},"1530820800000":{"wind-offshore":1734.25,"conventional":41205.75,"price":51.89,"wind-onshore":6896.00,"solar":0.00},"1530759600000":{"wind-offshore":1019.75,"conventional":39889.00,"price":44.13,"wind-onshore":1969.25,"solar":236.25},"1530784800000":{"wind-offshore":814.75,"conventional":41701.80,"price":57.77,"wind-onshore":3946.50,"solar":19861.75},"1530810000000":{"wind-offshore":1467.50,"conventional":41581.80,"price":51.20,"wind-onshore":9282.25,"solar":2798.25},"1530741600000":{"wind-offshore":622.50,"conventional":40481.20,"price":47.67,"wind-onshore":1946.00,"solar":0.00},"1530766800000":{"wind-offshore":917.75,"conventional":44302.93,"price":56.07,"wind-onshore":1689.00,"solar":5379.00},"1530756000000":{"wind-offshore":974.00,"conventional":38952.53,"price":43.97,"wind-onshore":1721.25,"solar":0.75},"1530781200000":{"wind-offshore":722.25,"conventional":42429.48,"price":60.31,"wind-onshore":2347.50,"solar":19692.25},"1530806400000":{"wind-offshore":1586.00,"conventional":41324.00,"price":50.44,"wind-onshore":8966.50,"solar":5606.50},"1530777600000":{"wind-offshore":778.00,"conventional":43113.18,"price":60.00,"wind-onshore":573.75,"solar":18088.75},"1530802800000":{"wind-offshore":1532.25,"conventional":41711.23,"price":53.06,"wind-onshore":8466.25,"solar":8880.00},"1530792000000":{"wind-offshore":1216.50,"conventional":41062.30,"price":55.19,"wind-onshore":6582.25,"solar":17129.50},"1530817200000":{"wind-offshore":1521.50,"conventional":41807.90,"price":49.56,"wind-onshore":7540.25,"solar":77.00},"1530752400000":{"wind-offshore":831.50,"conventional":39066.25,"price":44.61,"wind-onshore":1592.25,"solar":0.00},"1530748800000":{"wind-offshore":742.75,"conventional":39496.35,"price":45.88,"wind-onshore":1573.75,"solar":0.00},"1530774000000":{"wind-offshore":833.00,"conventional":44971.05,"price":60.67,"wind-onshore":574.75,"solar":14205.50},"1530799200000":{"wind-offshore":1311.75,"conventional":41009.58,"price":53.50,"wind-onshore":8066.25,"solar":12015.75},"1530763200000":{"wind-offshore":1002.00,"conventional":42248.03,"price":53.93,"wind-onshore":1921.25,"solar":1832.00},"1530788400000":{"wind-offshore":992.25,"conventional":40963.43,"price":56.22,"wind-onshore":5392.50,"solar":19405.00},"1530813600000":{"wind-offshore":1376.75,"conventional":41445.90,"price":50.40,"wind-onshore":8435.00,"solar":867.75}},"publish_timestamp":1530823500000}