{"data":{"1530579600000":{"wind-offshore":1057.25,"conventional":37578.13,"price":45.63,"wind-onshore":5161.50,"solar":0.00},"1530604800000":{"wind-offshore":396.25,"conventional":41108.15,"price":48.49,"wind-onshore":1604.00,"solar":22887.50},"1530568800000":{"wind-offshore":1025.25,"conventional":38417.95,"price":46.22,"wind-onshore":5964.75,"solar":0.00},"1530594000000":{"wind-offshore":785.00,"conventional":42570.93,"price":57.37,"wind-onshore":2596.75,"solar":6392.00},"1530619200000":{"wind-offshore":655.00,"conventional":38636.73,"price":46.07,"wind-onshore":2293.50,"solar":25877.50},"1530590400000":{"wind-offshore":930.75,"conventional":40209.30,"price":49.37,"wind-onshore":4346.50,"solar":1981.25},"1530615600000":{"wind-offshore":573.50,"conventional":38828.93,"price":46.43,"wind-onshore":2178.25,"solar":26776.50},"1530630000000":{"wind-offshore":848.50,"conventional":41673.08,"price":52.66,"wind-onshore":2567.50,"solar":15334.25},"1530586800000":{"wind-offshore":1070.75,"conventional":38477.58,"price":44.23,"wind-onshore":5059.25,"solar":271.00},"1530612000000":{"wind-offshore":486.25,"conventional":39713.55,"price":48.61,"wind-onshore":2091.50,"solar":26601.25},"1530637200000":{"wind-offshore":449.00,"conventional":43653.45,"price":55.82,"wind-onshore":1126.00,"solar":2082.75},"1530576000000":{"wind-offshore":1069.75,"conventional":37732.38,"price":44.88,"wind-onshore":5175.00,"solar":0.00},"1530601200000":{"wind-offshore":570.00,"conventional":41141.05,"price":50.25,"wind-onshore":1147.75,"solar":18252.50},"1530626400000":{"wind-offshore":885.00,"conventional":40638.98,"price":48.28,"wind-onshore":2458.50,"solar":20208.75},"1530583200000":{"wind-offshore":1103.00,"conventional":37419.95,"price":45.11,"wind-onshore":5058.50,"solar":1.25},"1530608400000":{"wind-offshore":426.50,"conventional":41077.75,"price":49.13,"wind-onshore":2104.00,"solar":25597.75},"1530633600000":{"wind-offshore":881.00,"conventional":42298.03,"price":53.74,"wind-onshore":2543.75,"solar":9504.00},"1530572400000":{"wind-offshore":1068.75,"conventional":37864.65,"price":46.72,"wind-onshore":5412.25,"solar":0.00},"1530597600000":{"wind-offshore":709.25,"conventional":42671.75,"price":59.39,"wind-onshore":1242.00,"solar":12288.75},"1530622800000":{"wind-offshore":796.75,"conventional":39235.38,"price":45.56,"wind-onshore":2376.00,"solar":23817.75}},"publish_timestamp":1530639000000}