{"data":{"1530669600000":{"wind-offshore":352.50,"conventional":40410.40,"price":45.44,"wind-onshore":1780.75,"solar":1.00},"1530694800000":{"wind-offshore":180.00,"conventional":43386.20,"price":55.91,"wind-onshore":902.25,"solar":22479.75},"1530720000000":{"wind-offshore":275.00,"conventional":44612.80,"price":57.97,"wind-onshore":2164.75,"solar":7864.25},"1530684000000":{"wind-offshore":203.75,"conventional":46273.95,"price":62.64,"wind-onshore":1040.75,"solar":10323.50},"1530709200000":{"wind-offshore":239.00,"conventional":42687.60,"price":50.95,"wind-onshore":1727.75,"solar":21039.75},"1530734400000":{"wind-offshore":338.50,"conventional":43468.43,"price":55.49,"wind-onshore":3199.25,"solar":0.00},"1530666000000":{"wind-offshore":347.25,"conventional":40272.53,"price":44.99,"wind-onshore":1989.25,"solar":0.00},"1530691200000":{"wind-offshore":182.75,"conventional":43570.58,"price":56.53,"wind-onshore":812.00,"solar":19554.00},"1530716400000":{"wind-offshore":264.00,"conventional":43590.98,"price":54.95,"wind-onshore":2102.00,"solar":13033.25},"1530655200000":{"wind-offshore":353.50,"conventional":41031.80,"price":48.00,"wind-onshore":2836.75,"solar":0.00},"1530680400000":{"wind-offshore":232.00,"conventional":47003.30,"price":59.98,"wind-onshore":1306.00,"solar":5228.00},"1530705600000":{"wind-offshore":224.50,"conventional":42412.25,"price":49.58,"wind-onshore":1471.00,"solar":23273.00},"1530730800000":{"wind-offshore":314.75,"conventional":45624.65,"price":58.01,"wind-onshore":2850.00,"solar":89.25},"1530662400000":{"wind-offshore":338.00,"conventional":40526.65,"price":45.80,"wind-onshore":2308.50,"solar":0.00},"1530687600000":{"wind-offshore":191.25,"conventional":44759.25,"price":58.06,"wind-onshore":836.00,"solar":15393.00},"1530712800000":{"wind-offshore":255.75,"conventional":42911.98,"price":53.53,"wind-onshore":1939.00,"solar":17568.50},"1530676800000":{"wind-offshore":275.25,"conventional":43194.23,"price":52.55,"wind-onshore":1538.25,"solar":1584.75},"1530702000000":{"wind-offshore":209.00,"conventional":42496.23,"price":50.99,"wind-onshore":1236.00,"solar":24256.50},"1530727200000":{"wind-offshore":285.25,"conventional":46631.33,"price":59.93,"wind-onshore":2510.50,"solar":1051.25},"1530698400000":{"wind-offshore":190.25,"conventional":43120.80,"price":51.92,"wind-onshore":1056.25,"solar":24023.50},"1530723600000":{"wind-offshore":279.50,"conventional":46737.03,"price":60.38,"wind-onshore":2267.50,"solar":3423.00},"1530658800000":{"wind-offshore":332.25,"conventional":40525.98,"price":46.23,"wind-onshore":2596.00,"solar":0.00},"1530738000000":{"wind-offshore":379.25,"conventional":42079.93,"price":50.93,"wind-onshore":3300.75,"solar":0.00},"1530673200000":{"wind-offshore":326.25,"conventional":41156.85,"price":46.26,"wind-onshore":1683.25,"solar":232.25}},"publish_timestamp":1530740700000}