{"coord":{"lon":7.01,"lat":51.46},"weather":[{"id":200,"main":"Thunderstorm","description":"thunderstorm with light rain","icon":"11d"},{"id":500,"main":"Rain","description":"light rain","icon":"10d"}],"base":"stations","main":{"temp":291.55,"pressure":1013,"humidity":77,"temp_min":290.15,"temp_max":292.15},"visibility":10000,"wind":{"speed":1},"clouds":{"all":40},"dt":1530769800,"sys":{"type":1,"id":4886,"message":0.0029,"country":"DE","sunrise":1530760949,"sunset":1530820215},"id":2928810,"name":"Essen","cod":200}