{"coord":{"lon":11.58,"lat":48.14},"weather":[{"id":211,"main":"Thunderstorm","description":"thunderstorm","icon":"11d"},{"id":521,"main":"Rain","description":"shower rain","icon":"09d"}],"base":"stations","main":{"temp":293.58,"pressure":1016,"humidity":68,"temp_min":292.15,"temp_max":295.15},"visibility":10000,"wind":{"speed":5.1,"deg":240},"clouds":{"all":0},"dt":1530811560,"sys":{"type":1,"id":4914,"message":0.0021,"country":"DE","sunrise":1530760844,"sunset":1530818140},"id":2867714,"name":"Muenchen","cod":200}