{"coord":{"lon":11.58,"lat":48.14},"weather":[{"id":521,"main":"Rain","description":"shower rain","icon":"09d"},{"id":211,"main":"Thunderstorm","description":"thunderstorm","icon":"11d"}],"base":"stations","main":{"temp":294.11,"pressure":1015,"humidity":73,"temp_min":289.15,"temp_max":300.15},"visibility":10000,"wind":{"speed":6.7,"deg":260},"clouds":{"all":40},"dt":1530795000,"sys":{"type":1,"id":4914,"message":0.1522,"country":"DE","sunrise":1530760834,"sunset":1530818145},"id":2867714,"name":"Muenchen","cod":200}