{"coord":{"lon":11.58,"lat":48.14},"weather":[{"id":500,"main":"Rain","description":"light rain","icon":"10d"},{"id":211,"main":"Thunderstorm","description":"thunderstorm","icon":"11d"}],"base":"stations","main":{"temp":296.68,"pressure":1015,"humidity":57,"temp_min":292.15,"temp_max":299.15},"visibility":10000,"wind":{"speed":5.1,"deg":250},"clouds":{"all":40},"dt":1530791400,"sys":{"type":1,"id":4914,"message":0.0024,"country":"DE","sunrise":1530760833,"sunset":1530818146},"id":2867714,"name":"Muenchen","cod":200}