{"data":{"1530669600000":{"wind-offshore":248.75,"conventional":40038.20,"price":45.15,"wind-onshore":957.25,"solar":1.00},"1530694800000":{"wind-offshore":147.00,"conventional":42238.73,"price":54.76,"wind-onshore":667.75,"solar":22328.50},"1530720000000":{"wind-offshore":283.25,"conventional":43228.45,"price":66.77,"wind-onshore":2902.75,"solar":7363.25},"1530684000000":{"wind-offshore":158.25,"conventional":44154.40,"price":58.33,"wind-onshore":365.25,"solar":10522.00},"1530709200000":{"wind-offshore":137.50,"conventional":41719.50,"price":58.23,"wind-onshore":1941.75,"solar":18199.25},"1530734400000":{"wind-offshore":529.75,"conventional":42831.65,"price":57.84,"wind-onshore":2142.50,"solar":0.00},"1530666000000":{"wind-offshore":271.50,"conventional":39920.60,"price":46.58,"wind-onshore":1138.50,"solar":0.00},"1530691200000":{"wind-offshore":158.00,"conventional":42072.78,"price":55.97,"wind-onshore":576.00,"solar":19612.75},"1530716400000":{"wind-offshore":232.50,"conventional":42033.98,"price":66.02,"wind-onshore":3223.25,"solar":11738.50},"1530655200000":{"wind-offshore":403.75,"conventional":40176.80,"price":47.92,"wind-onshore":1913.75,"solar":0.00},"1530680400000":{"wind-offshore":170.50,"conventional":44429.65,"price":58.71,"wind-onshore":708.75,"solar":5692.75},"1530705600000":{"wind-offshore":148.00,"conventional":41527.70,"price":55.52,"wind-onshore":1652.75,"solar":21296.75},"1530730800000":{"wind-offshore":454.75,"conventional":43425.38,"price":61.92,"wind-onshore":2158.50,"solar":94.00},"1530662400000":{"wind-offshore":325.25,"conventional":39789.50,"price":48.06,"wind-onshore":1394.75,"solar":0.00},"1530687600000":{"wind-offshore":170.50,"conventional":43274.58,"price":58.18,"wind-onshore":359.00,"solar":15417.75},"1530712800000":{"wind-offshore":165.50,"conventional":41306.60,"price":61.16,"wind-onshore":2605.00,"solar":15230.00},"1530676800000":{"wind-offshore":224.00,"conventional":41794.85,"price":56.17,"wind-onshore":997.00,"solar":1888.25},"1530702000000":{"wind-offshore":139.00,"conventional":40801.15,"price":55.15,"wind-onshore":1251.75,"solar":23189.50},"1530727200000":{"wind-offshore":392.75,"conventional":44572.23,"price":63.35,"wind-onshore":2217.75,"solar":1180.00},"1530698400000":{"wind-offshore":132.50,"conventional":42301.55,"price":57.85,"wind-onshore":815.75,"solar":23322.25},"1530723600000":{"wind-offshore":289.00,"conventional":45143.70,"price":66.59,"wind-onshore":2373.75,"solar":3593.00},"1530658800000":{"wind-offshore":389.00,"conventional":39732.83,"price":47.99,"wind-onshore":1617.00,"solar":0.00},"1530673200000":{"wind-offshore":225.50,"conventional":40530.30,"price":46.91,"wind-onshore":1004.50,"solar":256.75}},"publish_timestamp":1530737100000}