{"data":{"1530745200000":{"wind-offshore":409.50,"conventional":39718.18,"price":45.48,"wind-onshore":2187.75,"solar":0.00},"1530770400000":{"wind-offshore":605.00,"conventional":45792.73,"price":61.21,"wind-onshore":1511.75,"solar":10103.00},"1530795600000":{"wind-offshore":910.50,"conventional":43257.45,"price":51.07,"wind-onshore":5319.50,"solar":18081.50},"1530820800000":{"wind-offshore":1152.00,"conventional":42566.40,"price":52.05,"wind-onshore":6991.75,"solar":0.00},"1530759600000":{"wind-offshore":464.50,"conventional":39357.60,"price":44.65,"wind-onshore":1854.50,"solar":227.75},"1530784800000":{"wind-offshore":668.25,"conventional":43517.98,"price":52.10,"wind-onshore":3334.00,"solar":22058.50},"1530810000000":{"wind-offshore":1244.75,"conventional":44425.58,"price":55.41,"wind-onshore":7330.50,"solar":3083.50},"1530741600000":{"wind-offshore":377.50,"conventional":41094.90,"price":49.13,"wind-onshore":2394.25,"solar":0.00},"1530766800000":{"wind-offshore":556.75,"conventional":45339.28,"price":57.71,"wind-onshore":1472.25,"solar":5157.50},"1530756000000":{"wind-offshore":446.00,"conventional":38515.80,"price":43.11,"wind-onshore":1953.25,"solar":0.75},"1530781200000":{"wind-offshore":683.00,"conventional":43999.23,"price":55.43,"wind-onshore":2763.75,"solar":21023.75},"1530806400000":{"wind-offshore":1241.50,"conventional":43619.20,"price":54.83,"wind-onshore":7087.25,"solar":6670.25},"1530777600000":{"wind-offshore":675.75,"conventional":44136.35,"price":56.62,"wind-onshore":2270.00,"solar":18722.00},"1530802800000":{"wind-offshore":1178.75,"conventional":43425.10,"price":52.97,"wind-onshore":6647.00,"solar":10919.00},"1530792000000":{"wind-offshore":783.25,"conventional":43069.10,"price":49.76,"wind-onshore":4583.50,"solar":20444.25},"1530817200000":{"wind-offshore":1173.50,"conventional":44149.35,"price":53.79,"wind-onshore":7027.25,"solar":72.00},"1530752400000":{"wind-offshore":435.75,"conventional":38608.90,"price":42.99,"wind-onshore":2000.25,"solar":0.00},"1530748800000":{"wind-offshore":437.75,"conventional":38679.90,"price":44.31,"wind-onshore":2063.25,"solar":0.00},"1530774000000":{"wind-offshore":655.25,"conventional":46010.00,"price":60.94,"wind-onshore":1807.00,"solar":14919.00},"1530799200000":{"wind-offshore":1053.50,"conventional":43134.98,"price":52.02,"wind-onshore":6056.50,"solar":14880.75},"1530824400000":{"wind-offshore":1186.50,"conventional":40293.28,"price":50.21,"wind-onshore":6908.25,"solar":0.00},"1530763200000":{"wind-offshore":508.00,"conventional":42467.18,"price":51.89,"wind-onshore":1627.50,"solar":1639.25},"1530788400000":{"wind-offshore":706.25,"conventional":43300.43,"price":50.70,"wind-onshore":3944.25,"solar":21839.50},"1530813600000":{"wind-offshore":1225.25,"conventional":44050.13,"price":55.10,"wind-onshore":7205.00,"solar":945.25}},"publish_timestamp":1530827100000}