{"coord":{"lon":11.58,"lat":48.14},"weather":[{"id":521,"main":"Rain","description":"shower rain","icon":"09d"},{"id":211,"main":"Thunderstorm","description":"thunderstorm","icon":"11d"}],"base":"stations","main":{"temp":297.65,"pressure":1017,"humidity":60,"temp_min":294.15,"temp_max":300.15},"visibility":10000,"wind":{"speed":2.1,"deg":210},"clouds":{"all":40},"dt":1530705000,"sys":{"type":1,"id":4914,"message":0.0429,"country":"DE","sunrise":1530674389,"sunset":1530731771},"id":2867714,"name":"Muenchen","cod":200}