{"coord":{"lon":11.58,"lat":48.14},"weather":[{"id":521,"main":"Rain","description":"shower rain","icon":"09d"},{"id":211,"main":"Thunderstorm","description":"thunderstorm","icon":"11d"}],"base":"stations","main":{"temp":295.71,"pressure":1018,"humidity":53,"temp_min":295.15,"temp_max":297.15},"visibility":10000,"wind":{"speed":6.2,"deg":220},"clouds":{"all":40},"dt":1530714000,"sys":{"type":1,"id":4914,"message":0.0031,"country":"DE","sunrise":1530674392,"sunset":1530731769},"id":2867714,"name":"Muenchen","cod":200}