{"coord":{"lon":11.58,"lat":48.14},"weather":[{"id":521,"main":"Rain","description":"shower rain","icon":"09d"},{"id":211,"main":"Thunderstorm","description":"thunderstorm","icon":"11d"}],"base":"stations","main":{"temp":296.39,"pressure":1018,"humidity":53,"temp_min":290.15,"temp_max":300.15},"visibility":10000,"wind":{"speed":5.7,"deg":230},"clouds":{"all":40},"dt":1530710820,"sys":{"type":1,"id":4914,"message":0.0023,"country":"DE","sunrise":1530674391,"sunset":1530731770},"id":2867714,"name":"Muenchen","cod":200}