{"coord":{"lon":11.58,"lat":48.14},"weather":[{"id":521,"main":"Rain","description":"shower rain","icon":"09d"},{"id":211,"main":"Thunderstorm","description":"thunderstorm","icon":"11d"}],"base":"stations","main":{"temp":295.16,"pressure":1017,"humidity":56,"temp_min":294.15,"temp_max":296.15},"visibility":10000,"wind":{"speed":3.1,"deg":210},"clouds":{"all":40},"dt":1530715800,"sys":{"type":1,"id":4914,"message":0.006,"country":"DE","sunrise":1530674394,"sunset":1530731768},"id":2867714,"name":"Muenchen","cod":200}