{"coord":{"lon":11.58,"lat":48.14},"weather":[{"id":501,"main":"Rain","description":"moderate rain","icon":"10d"},{"id":310,"main":"Drizzle","description":"light intensity drizzle rain","icon":"09d"},{"id":701,"main":"Mist","description":"mist","icon":"50d"}],"base":"stations","main":{"temp":288.52,"pressure":1017,"humidity":93,"temp_min":287.15,"temp_max":289.15},"visibility":4000,"wind":{"speed":4.1,"deg":240},"clouds":{"all":90},"dt":1530852600,"sys":{"type":1,"id":4914,"message":0.0044,"country":"DE","sunrise":1530847265,"sunset":1530904527},"id":2867714,"name":"Muenchen","cod":200}