{"coord":{"lon":11.58,"lat":48.14},"weather":[{"id":521,"main":"Rain","description":"shower rain","icon":"09d"},{"id":701,"main":"Mist","description":"mist","icon":"50d"},{"id":300,"main":"Drizzle","description":"light intensity drizzle","icon":"09d"}],"base":"stations","main":{"temp":289.41,"pressure":1018,"humidity":93,"temp_min":287.15,"temp_max":291.15},"visibility":4000,"wind":{"speed":4.6,"deg":260},"clouds":{"all":90},"dt":1530867000,"sys":{"type":1,"id":4914,"message":0.0256,"country":"DE","sunrise":1530847273,"sunset":1530904522},"id":2867714,"name":"Muenchen","cod":200}