{"coord":{"lon":11.58,"lat":48.14},"weather":[{"id":502,"main":"Rain","description":"heavy intensity rain","icon":"10d"},{"id":310,"main":"Drizzle","description":"light intensity drizzle rain","icon":"09d"},{"id":701,"main":"Mist","description":"mist","icon":"50d"}],"base":"stations","main":{"temp":288.64,"pressure":1017,"humidity":93,"temp_min":287.15,"temp_max":290.15},"visibility":5000,"wind":{"speed":3.6,"deg":270},"clouds":{"all":90},"dt":1530859800,"sys":{"type":1,"id":4914,"message":0.0178,"country":"DE","sunrise":1530847269,"sunset":1530904525},"id":2867714,"name":"Muenchen","cod":200}