{"coord":{"lon":11.58,"lat":48.14},"weather":[{"id":501,"main":"Rain","description":"moderate rain","icon":"10d"},{"id":701,"main":"Mist","description":"mist","icon":"50d"}],"base":"stations","main":{"temp":288.9,"pressure":1018,"humidity":93,"temp_min":287.15,"temp_max":290.15},"visibility":5000,"wind":{"speed":5.1,"deg":260},"clouds":{"all":90},"dt":1530863400,"sys":{"type":1,"id":4914,"message":0.1108,"country":"DE","sunrise":1530847271,"sunset":1530904523},"id":2867714,"name":"Muenchen","cod":200}