{"coord":{"lon":11.58,"lat":48.14},"weather":[{"id":521,"main":"Rain","description":"shower rain","icon":"09d"},{"id":701,"main":"Mist","description":"mist","icon":"50d"}],"base":"stations","main":{"temp":290.15,"pressure":1018,"humidity":93,"temp_min":287.15,"temp_max":292.15},"visibility":10000,"wind":{"speed":5.1,"deg":270},"clouds":{"all":75},"dt":1530872400,"sys":{"type":1,"id":4914,"message":0.0045,"country":"DE","sunrise":1530847277,"sunset":1530904520},"id":2867714,"name":"Muenchen","cod":200}