{"coord":{"lon":11.58,"lat":48.14},"weather":[{"id":521,"main":"Rain","description":"shower rain","icon":"09d"},{"id":701,"main":"Mist","description":"mist","icon":"50d"}],"base":"stations","main":{"temp":289.91,"pressure":1018,"humidity":93,"temp_min":287.15,"temp_max":292.15},"visibility":7000,"wind":{"speed":4.1,"deg":270},"clouds":{"all":75},"dt":1530870600,"sys":{"type":1,"id":4914,"message":0.1262,"country":"DE","sunrise":1530847275,"sunset":1530904521},"id":2867714,"name":"Muenchen","cod":200}