{"coord":{"lon":11.58,"lat":48.14},"weather":[{"id":521,"main":"Rain","description":"shower rain","icon":"09n"},{"id":211,"main":"Thunderstorm","description":"thunderstorm","icon":"11n"}],"base":"stations","main":{"temp":290.15,"pressure":1021,"humidity":82,"temp_min":287.15,"temp_max":293.15},"visibility":10000,"wind":{"speed":2.1,"deg":340},"clouds":{"all":75},"dt":1530908400,"sys":{"type":1,"id":4887,"message":0.0023,"country":"DE","sunrise":1530847297,"sunset":1530904507},"id":2867714,"name":"Muenchen","cod":200}